route_id,date,lead_style,attempts,route_type,alpine,rating,safety,avg_stars,pitches
491,296,3,1,0,,48,-1.0,3.3,1
492,296,0,1,0,,45,-1.0,3.0,1
493,296,0,1,0,,35,-1.0,2.9,1
732,265,3,1,0,,54,-1.0,3.1,1
733,265,0,1,1,,29,-1.0,3.2,1
734,265,0,1,0,,26,-1.0,2.7,1
794,257,0,1,0,,44,-1.0,2.9,1
795,257,0,1,0,,42,-1.0,2.9,1
796,257,0,1,0,,39,-1.0,2.9,1
797,257,0,1,0,,26,-1.0,2.7,1
806,254,0,1,0,,42,-1.0,2.9,1
807,254,0,1,0,,34,-1.0,2.9,1
810,253,2,1,0,,44,-1.0,2.9,1
813,252,1,1,0,,43,-1.0,2.7,1
814,252,1,1,0,,35,-1.0,2.9,1
861,245,1,1,0,,34,-1.0,2.9,1
862,245,3,2,0,,52,-1.0,3.0,2
863,245,2,1,0,,49,-1.0,3.2,1
864,245,3,1,0,,49,-1.0,3.2,1
865,245,0,1,0,,32,-1.0,2.6,1
866,245,0,1,0,,34,-1.0,2.9,1
1067,213,1,1,0,,44,-1.0,2.9,1
1068,213,2,1,0,,23,-1.0,2.3,1
1187,190,2,1,0,,47,-1.0,2.8,1
1188,190,3,1,0,,47,-1.0,2.8,1
1189,190,1,1,0,,32,-1.0,2.6,1
1190,189,3,1,0,,52,-1.0,3.0,1
1191,189,3,1,0,,52,-1.0,3.0,1
1192,189,3,1,0,,52,-1.0,3.0,1
1193,189,3,1,0,,49,-1.0,3.2,1
1194,189,3,1,0,,49,-1.0,3.2,1
1210,185,3,1,0,,54,-1.0,3.1,1
1211,185,3,1,0,,54,-1.0,3.1,1
1538,118,2,1,0,,44,-1.0,2.9,1
1539,118,0,1,0,,29,-1.0,2.4,1
1540,118,0,1,0,,44,-1.0,2.9,1
1541,118,0,1,0,,42,-1.0,2.9,1
1542,118,3,1,0,,47,-1.0,2.8,1
1543,118,0,1,0,,32,-1.0,2.6,1
1630,107,1,1,0,,37,-1.0,2.6,1
1780,89,0,1,0,,37,-1.0,2.6,1
1781,89,1,1,0,,34,-1.0,2.9,1
1782,89,0,1,0,,44,-1.0,2.9,1
105714944,154,3,1,1,False,39,0.0,3.9,5
105717328,336,0,2,1,False,31,0.0,3.4,1
105717346,336,0,1,1,False,27,0.0,2.7,1
105717484,105,2,3,1,False,43,0.0,3.8,1
105717892,348,0,1,0,False,49,0.0,3.9,1
105717895,348,0,1,0,False,40,0.0,3.7,1
105718036,339,0,1,1,False,40,0.0,3.6,1
105718084,341,3,1,1,False,40,0.0,3.3,1
105718117,348,3,1,0,False,54,0.0,3.8,1
105718198,347,3,1,0,False,32,0.0,2.1,1
105718201,346,0,1,0,False,32,0.0,2.3,1
105718435,337,1,1,1,False,31,0.0,3.6,1
105718441,337,0,1,1,False,29,0.0,2.5,1
105718522,341,0,1,1,False,37,0.0,3.3,1
105718642,337,3,2,1,False,51,0.0,3.8,1
105732374,354,0,1,0,False,47,0.0,3.6,1
105732443,19,3,1,1,False,45,0.0,3.8,9
105732560,354,0,2,0,False,32,0.0,2.1,1
105732563,354,0,1,0,False,34,0.0,2.0,1
105732629,352,0,1,0,False,49,0.0,2.7,1
105732941,352,0,2,1,False,32,0.0,3.1,1
105740945,373,0,1,0,False,26,0.0,2.8,1
105740978,255,0,1,0,False,29,1.0,2.5,1
105740981,255,0,1,1,False,26,0.0,3.6,1
105740984,256,1,1,1,False,29,0.0,3.1,1
105741116,342,0,1,0,False,47,0.0,3.2,1
105741602,374,0,1,0,False,33,0.0,3.7,1
105741848,256,0,1,0,False,26,0.0,2.7,1
105741866,256,0,1,0,False,37,0.0,3.5,1
105741869,256,0,1,1,False,32,2.0,2.6,1
105748096,192,0,1,1,False,39,0.0,2.6,1
105748154,1,0,1,0,False,29,0.0,1.2,1
105748235,268,0,1,0,False,44,0.0,2.4,1
105748298,110,1,1,0,False,48,0.0,3.1,3
105748361,31,0,1,1,False,23,0.0,3.1,4
105748397,4,0,2,0,False,42,0.0,3.1,1
105748409,181,0,1,0,False,37,0.0,2.4,1
105748415,65,3,1,0,False,52,0.0,3.6,1
105748433,81,1,1,0,False,56,0.0,3.7,1
105748451,79,2,2,0,False,54,0.0,3.5,1
105748478,179,2,4,0,False,52,0.0,2.7,1
105748496,46,2,3,1,True,32,0.0,3.8,7
105748586,6,2,2,0,False,42,0.0,2.2,1
105748591,274,1,1,0,False,49,0.0,2.7,1
105748594,17,2,5,0,False,47,0.0,3.0,1
105748609,2,0,1,0,False,29,0.0,2.3,1
105748690,379,0,1,0,False,44,0.0,3.5,1
105748693,239,0,1,1,False,29,0.0,3.3,4
105748702,379,0,1,0,False,37,0.0,3.3,1
105748771,13,2,3,1,False,44,0.0,3.8,4
105748936,137,0,1,1,False,23,0.0,2.9,2
105748975,169,3,1,0,False,47,0.0,3.1,1
105748990,62,1,1,0,False,45,0.0,3.7,1
105748993,62,1,1,0,False,39,0.0,2.9,1
105749002,271,2,2,0,False,49,0.0,2.1,1
105749005,238,2,3,0,False,52,0.0,2.9,1
105749011,109,2,5,0,False,54,0.0,3.0,1
105749029,0,2,2,1,False,32,0.0,3.5,1
105749116,277,0,1,0,False,42,0.0,2.8,1
105749119,380,0,1,0,False,47,0.0,3.5,1
105749122,277,0,1,0,False,35,0.0,3.4,1
105749158,123,3,3,0,False,62,0.0,3.9,1
105749167,63,0,4,0,False,44,0.0,3.0,1
105749170,139,2,2,0,False,51,0.0,2.3,1
105749182,151,2,2,0,False,39,0.0,2.4,1
105749239,140,3,1,0,False,54,0.0,3.0,1
105749401,172,1,1,0,False,28,0.0,1.9,1
105749692,290,3,1,0,False,54,0.0,2.4,1
105749755,274,0,1,0,False,44,0.0,2.1,1
105749758,163,3,1,0,False,49,0.0,2.7,1
105749761,163,0,1,0,False,48,0.0,2.5,1
105749767,163,0,1,0,False,29,0.0,1.9,1
105749782,99,0,1,0,False,42,0.0,2.5,2
105749860,15,3,1,0,False,52,0.0,3.0,3
105749926,272,0,1,0,False,47,0.0,3.4,1
105749977,67,2,3,1,False,52,0.0,3.4,1
105749980,380,0,1,0,False,44,0.0,2.4,1
105749983,173,0,1,0,False,47,0.0,3.5,1
105750016,132,0,1,0,False,37,0.0,2.5,1
105750028,219,2,3,0,False,53,0.0,3.7,1
105750037,134,2,4,0,False,53,0.0,3.6,1
105750046,237,2,2,0,False,52,0.0,2.8,1
105750049,103,1,1,0,False,48,0.0,3.5,1
105750055,103,0,1,0,False,39,0.0,2.7,1
105750058,133,0,1,0,False,45,0.0,3.6,1
105750079,107,0,2,0,False,39,0.0,2.7,1
105750118,80,3,2,0,False,45,0.0,3.0,1
105750121,149,3,1,0,False,32,0.0,0.9,1
105750208,188,2,2,0,False,49,0.0,3.0,1
105750418,28,0,1,1,False,37,0.0,2.7,3
105750487,65,2,4,0,False,44,0.0,3.5,1
105751009,56,0,1,1,False,25,2.0,1.9,1
105751033,40,0,1,1,False,29,0.0,3.0,3
105751315,375,0,1,1,False,32,0.0,3.4,5
105751492,174,3,1,0,False,48,0.0,2.0,1
105751495,174,0,1,0,False,39,0.0,1.7,1
105751579,268,3,1,0,False,45,0.0,2.6,1
105751630,167,2,2,0,False,43,0.0,2.8,1
105751756,66,2,3,0,False,49,0.0,3.2,1
105751759,216,0,1,0,False,32,0.0,0.7,1
105751762,216,0,1,0,False,32,0.0,1.0,1
105751765,216,0,1,0,False,39,0.0,1.9,1
105751771,216,0,1,0,False,39,0.0,1.4,1
105751774,216,0,1,0,False,44,0.0,1.0,1
105751777,216,0,1,0,False,42,0.0,1.8,1
105752059,81,1,1,0,False,44,0.0,3.3,1
105752167,167,0,1,0,False,38,0.0,2.2,1
105752287,186,1,1,0,False,45,0.0,2.1,1
105752323,280,2,4,0,False,54,0.0,3.7,1
105752329,231,2,2,0,False,49,0.0,3.6,1
105752335,378,3,1,0,False,54,0.0,3.8,1
105752362,170,0,1,0,False,47,0.0,3.6,1
105752389,232,2,2,0,False,49,0.0,3.7,1
105752464,277,3,1,0,False,51,0.0,3.4,1
105752560,137,0,1,1,False,32,0.0,3.4,1
105752563,180,2,3,0,False,44,0.0,2.5,1
105752587,103,1,1,0,False,44,0.0,3.6,1
105752596,10,3,3,0,False,44,0.0,2.3,1
105752599,151,0,1,0,False,39,0.0,2.4,1
105752602,69,0,1,0,False,32,0.0,2.1,1
105752845,231,0,1,0,False,35,0.0,2.6,1
105752887,379,0,1,0,False,49,0.0,3.4,1
105752899,168,2,2,0,False,39,0.0,2.6,1
105752908,168,2,2,0,False,49,0.0,3.1,1
105752914,104,2,2,0,False,54,0.0,3.6,1
105752917,5,3,2,0,False,52,0.0,3.9,1
105752923,272,0,1,0,False,52,0.0,3.1,1
105753190,100,3,1,0,False,45,0.0,2.5,1
105753265,16,0,1,1,False,41,0.0,3.1,1
105753295,95,2,7,0,False,52,0.0,3.5,1
105753328,71,3,2,0,False,54,0.0,3.5,1
105753379,48,2,3,0,False,47,0.0,2.8,1
105753391,83,0,1,0,False,44,0.0,3.2,1
105753394,108,0,2,0,False,32,0.0,2.8,1
105753412,98,0,1,0,False,32,0.0,2.2,1
105753502,108,3,1,0,False,44,0.0,2.7,1
105753538,136,1,1,0,False,37,0.0,2.9,1
105753541,377,2,2,0,False,49,0.0,3.0,1
105753562,272,0,1,0,False,41,0.0,2.9,1
105753628,202,1,1,0,False,44,0.0,2.6,1
105753655,152,3,1,1,False,49,0.0,3.9,1
105753667,202,3,1,0,False,49,0.0,2.5,1
105753757,242,1,1,0,False,44,0.0,2.2,1
105753805,153,1,1,0,False,42,0.0,2.6,1
105753832,307,2,2,0,False,48,0.0,3.4,1
105753838,82,3,1,0,False,47,0.0,2.9,1
105753856,199,2,3,0,False,52,0.0,2.8,1
105753880,377,0,1,0,False,47,0.0,3.1,1
105753910,98,3,1,0,False,43,0.0,3.8,1
105753934,203,1,1,0,False,44,0.0,2.5,1
105753940,202,0,1,0,False,42,0.0,2.7,1
105753952,72,0,2,0,False,37,0.0,2.7,1
105753994,281,0,1,0,False,52,0.0,3.8,1
105754108,377,0,1,0,False,45,0.0,2.9,1
105754129,251,3,1,0,False,47,0.0,3.4,1
105754201,101,0,1,0,False,37,0.0,2.9,1
105754432,203,0,1,0,False,49,0.0,3.5,1
105754465,278,2,3,0,False,48,0.0,2.8,1
105754546,235,0,1,0,False,42,0.0,3.3,1
105754765,55,0,1,0,False,44,0.0,2.5,1
105754825,32,2,2,0,False,44,0.0,3.7,1
105754828,146,0,2,0,False,32,0.0,2.5,1
105754837,232,0,1,0,False,44,0.0,2.9,1
105754999,233,2,2,0,False,52,0.0,2.7,1
105755155,194,1,1,0,False,37,0.0,2.0,1
105755386,306,0,1,1,False,29,0.0,3.2,4
105755533,8,2,2,0,False,47,0.0,1.9,1
105755704,18,1,1,0,False,44,0.0,3.7,1
105755851,50,0,1,0,False,32,0.0,2.9,1
105755866,195,0,1,0,False,41,0.0,2.6,2
105755872,128,0,2,0,False,32,0.0,3.4,1
105755875,143,0,2,0,False,26,0.0,1.8,1
105755881,24,0,1,0,False,44,0.0,2.9,1
105756094,124,3,1,0,False,47,0.0,2.1,1
105756298,281,3,1,1,False,54,0.0,3.6,1
105756496,153,3,1,0,False,52,0.0,3.7,1
105756784,290,1,2,1,False,29,0.0,2.6,1
105756790,290,2,2,0,False,52,0.0,3.5,1
105756826,153,0,1,0,False,29,0.0,3.4,1
105756946,214,0,1,0,False,32,0.0,2.0,1
105757066,193,3,1,0,False,52,0.0,2.7,1
105757243,48,0,2,0,False,29,0.0,2.2,1
105757414,166,0,1,1,False,32,0.0,3.0,2
105757618,235,1,1,0,False,42,0.0,3.5,1
105757627,152,3,1,0,False,53,0.0,3.1,1
105757681,83,3,1,0,False,52,0.0,2.1,1
105757699,45,0,2,0,False,37,0.0,2.6,1
105757708,96,3,1,0,False,52,0.0,1.4,1
105758080,99,1,1,0,False,52,0.0,2.7,1
105758107,59,1,2,0,False,42,0.0,3.2,1
105758257,251,0,1,0,False,43,0.0,2.6,1
105758605,152,3,1,0,False,42,0.0,2.5,1
105758647,144,3,1,0,False,55,0.0,3.6,1
105758910,136,0,1,0,False,42,0.0,3.5,1
105758982,231,0,1,0,False,32,0.0,1.7,1
105759021,101,3,2,0,False,38,0.0,2.6,1
105759081,102,0,1,0,False,42,0.0,2.6,1
105759084,376,0,1,0,False,26,0.0,2.3,1
105759516,170,2,2,0,False,47,0.0,3.3,1
105759594,49,1,2,0,False,32,0.0,3.1,1
105759750,231,0,1,0,False,42,0.0,2.4,1
105759783,163,1,1,0,False,44,0.0,2.8,1
105759819,98,2,2,0,False,39,0.0,3.3,1
105760332,178,0,4,0,False,32,0.0,2.3,1
105760695,191,0,1,0,False,44,0.0,3.3,2
105761046,379,0,1,0,False,39,0.0,3.1,1
105761067,277,0,1,1,False,42,0.0,2.4,1
105761217,267,0,1,0,False,29,0.0,3.4,1
105761265,160,0,1,0,False,43,0.0,2.2,1
105761298,251,2,2,0,False,52,0.0,2.7,1
105761394,49,0,1,0,False,44,0.0,2.6,1
105761523,235,1,1,0,False,52,0.0,3.5,1
105761529,172,0,1,1,False,26,0.0,2.3,1
105761547,236,2,2,0,False,54,0.0,3.8,1
105761877,377,0,1,0,False,29,0.0,2.6,1
105761883,63,1,2,0,False,43,0.0,2.4,1
105761895,380,0,1,0,False,42,0.0,2.4,1
105762201,73,0,1,0,False,44,0.0,2.3,1
105762333,104,2,3,0,False,52,0.0,3.4,1
105762393,173,0,1,0,False,43,0.0,2.1,1
105762795,146,0,2,0,False,32,0.0,2.7,1
105762981,179,0,3,0,False,29,0.0,1.5,1
105763029,158,2,2,0,False,39,0.0,2.6,1
105763089,134,0,3,0,False,32,0.0,1.8,1
105763212,376,0,1,0,False,47,0.0,3.5,1
105763707,113,3,1,1,False,32,0.0,3.0,1
105763794,43,0,1,0,False,26,0.0,3.5,1
105763815,268,0,1,0,False,44,0.0,2.5,1
105763950,159,3,1,0,False,47,0.0,3.5,1
105764079,268,0,1,0,False,42,0.0,2.7,1
105764322,289,0,1,1,True,26,0.0,2.6,6
105764451,183,3,1,0,False,45,0.0,2.4,1
105765165,125,3,1,0,False,42,0.0,2.2,1
105787215,346,0,1,0,False,29,0.0,1.8,1
105789060,177,0,2,0,False,26,0.0,3.2,1
105789153,326,2,2,0,False,49,0.0,2.7,1
105789169,177,0,1,0,False,23,0.0,2.2,1
105789298,316,0,1,0,False,44,0.0,3.7,1
105789316,317,2,2,0,False,44,0.0,3.0,1
105789342,325,0,1,0,False,34,0.0,2.7,1
105789348,314,2,2,0,False,44,0.0,3.8,1
105789513,147,2,2,1,False,30,0.0,2.7,1
105789753,312,3,3,0,False,52,0.0,3.2,1
105790283,332,0,1,1,False,29,0.0,3.6,2
105790290,322,0,1,1,False,33,0.0,3.7,4
105790444,317,0,1,0,False,39,0.0,3.4,1
105790613,320,0,1,1,False,32,0.0,3.1,1
105790859,320,3,3,0,False,54,0.0,3.9,1
105791086,360,2,2,1,False,29,0.0,3.6,1
105792753,346,0,1,0,False,32,0.0,2.6,1
105793956,310,2,3,0,False,47,0.0,3.1,1
105796557,177,0,1,0,False,34,0.0,2.5,1
105798861,338,0,1,1,False,30,0.0,2.6,1
105799303,374,3,1,0,False,47,0.0,3.8,1
105799344,374,0,1,1,False,33,1.0,2.6,1
105799349,374,0,1,0,False,44,2.0,3.3,1
105800402,311,0,1,0,False,37,0.0,2.9,1
105800412,176,0,2,0,False,37,0.0,3.4,2
105801735,317,0,2,0,False,37,0.0,3.5,1
105802924,35,3,1,1,True,32,0.0,3.6,1
105803148,169,1,1,0,False,32,0.0,2.3,1
105803440,328,0,1,0,False,34,0.0,3.5,1
105803446,328,1,1,0,False,32,0.0,2.7,1
105803451,328,1,1,0,False,42,0.0,3.4,1
105803545,326,1,1,1,False,42,0.0,3.9,3
105803553,324,3,1,0,False,47,0.0,2.7,1
105803921,310,0,2,0,False,29,0.0,3.0,1
105803971,316,0,1,0,False,34,0.0,2.8,1
105804292,320,3,1,0,False,49,0.0,3.4,1
105804852,33,0,1,1,True,26,0.0,3.8,7
105806895,321,0,1,0,False,34,0.0,2.8,3
105809702,134,0,2,0,False,35,0.0,3.1,1
105812408,380,0,1,0,False,42,0.0,2.3,1
105812559,324,0,1,0,False,34,0.0,3.1,1
105812642,327,1,1,0,False,42,0.0,3.3,1
105812654,327,0,1,0,False,30,0.0,2.4,1
105813238,353,2,2,0,False,42,0.0,3.3,1
105813275,352,0,1,0,False,26,0.0,2.6,1
105813493,270,0,1,0,False,44,0.0,3.4,1
105814533,326,0,1,0,False,42,0.0,3.0,1
105816995,356,3,1,1,False,31,0.0,3.8,5
105817270,318,0,1,0,False,42,0.0,2.4,1
105818791,311,0,1,0,False,34,0.0,3.0,1
105818849,270,2,2,0,False,54,0.0,3.0,1
105819734,354,0,1,0,False,27,0.0,2.0,1
105820098,354,2,2,0,False,44,0.0,3.4,1
105820350,323,0,1,0,False,32,0.0,2.3,1
105820721,326,0,1,1,False,26,0.0,3.1,1
105820726,318,0,1,0,False,29,0.0,2.9,1
105827047,88,3,1,0,False,54,0.0,3.7,1
105827059,115,3,1,0,False,57,0.0,3.7,1
105827433,93,0,1,0,False,35,0.0,2.5,1
105827564,267,0,1,0,False,37,0.0,2.7,1
105827570,267,1,1,0,False,50,0.0,3.4,1
105827628,115,0,1,0,False,42,0.0,2.9,1
105827646,115,0,1,0,False,32,0.0,3.0,1
105829983,93,0,1,0,False,44,0.0,3.0,1
105831617,197,0,1,0,False,53,0.0,3.4,2
105832283,335,3,1,0,False,54,0.0,3.9,1
105841216,86,0,2,0,False,39,0.0,3.5,1
105841220,86,0,1,0,False,47,0.0,3.8,1
105841247,249,1,1,0,False,37,0.0,2.6,1
105841251,246,2,2,0,False,44,0.0,3.7,1
105841257,249,2,2,0,False,39,0.0,2.8,1
105841382,12,2,2,0,False,37,0.0,3.4,1
105841390,39,1,2,0,False,42,0.0,3.3,1
105841688,342,0,1,0,False,25,0.0,2.5,1
105841699,342,0,1,0,False,29,0.0,2.9,1
105842717,34,3,1,0,True,39,0.0,2.9,1
105842817,362,0,1,1,False,26,0.0,3.1,1
105842825,366,0,2,1,False,29,0.0,3.6,1
105843581,334,0,1,0,False,34,0.0,3.6,1
105843696,334,0,1,0,False,42,0.0,3.7,1
105845816,264,2,3,1,False,32,0.0,3.6,1
105847524,88,0,1,0,False,36,0.0,2.7,2
105849567,266,0,1,1,False,23,0.0,2.4,1
105851509,36,0,2,0,False,34,0.0,2.1,1
105851631,38,1,1,0,False,54,0.0,3.5,1
105851716,117,0,1,0,False,34,0.0,3.1,1
105851974,117,1,1,0,False,33,0.0,2.6,1
105853353,87,0,1,0,False,42,0.0,3.3,1
105853365,121,0,1,0,False,42,0.0,3.0,1
105853386,87,0,1,0,False,32,0.0,2.6,1
105854239,112,0,1,1,False,32,0.0,2.7,1
105856656,122,0,1,0,False,44,0.0,3.4,1
105856679,78,0,1,0,False,52,0.0,3.4,1
105856684,78,1,1,0,False,54,0.0,3.8,1
105856757,74,0,1,0,False,41,0.0,3.7,1
105856762,87,0,1,0,False,37,0.0,2.6,1
105857638,38,0,1,0,False,42,0.0,2.6,1
105857742,260,0,1,1,False,26,0.0,3.2,1
105860676,355,3,1,1,True,42,0.0,4.0,12
105862055,250,2,2,0,False,52,0.0,2.9,1
105862062,249,1,1,0,False,54,0.0,3.0,1
105862092,11,2,3,0,False,47,0.0,3.1,1
105862459,102,0,2,0,False,43,0.0,3.0,1
105863234,116,0,1,0,False,52,0.0,3.5,1
105869766,85,0,1,0,False,26,0.0,3.1,1
105878061,131,0,1,0,False,32,0.0,2.7,1
105880407,314,2,4,0,False,54,0.0,3.0,1
105888371,210,0,1,1,False,26,0.0,3.4,1
105888734,53,3,1,1,False,47,0.0,3.3,1
105889237,210,0,1,1,False,29,0.0,2.6,1
105889536,204,0,1,1,False,29,0.0,3.2,1
105889540,204,0,1,0,False,39,0.0,3.4,1
105889544,204,2,2,0,False,44,0.0,3.0,1
105892533,212,0,1,0,False,29,0.0,2.6,1
105893726,53,0,1,1,False,29,0.0,2.9,1
105893872,211,2,2,0,False,54,0.0,3.2,1
105900338,228,0,1,1,False,26,0.0,2.8,1
105900347,228,0,2,1,False,20,1.0,2.0,1
105903232,352,0,1,0,False,26,0.0,2.6,1
105910806,362,0,1,1,False,32,0.0,3.4,1
105910942,362,0,1,1,False,26,0.0,2.7,1
105912905,357,2,2,0,False,47,0.0,3.6,1
105912909,358,3,1,0,False,52,0.0,3.2,1
105913834,354,0,1,0,False,47,0.0,3.1,1
105918091,299,0,1,0,False,42,0.0,2.6,1
105918466,293,1,1,0,False,52,0.0,3.6,1
105926879,210,0,1,1,False,34,0.0,3.2,1
105929386,136,1,1,0,False,44,0.0,3.5,1
105932154,90,2,3,0,False,54,0.0,3.5,1
105941644,363,3,1,1,False,32,0.0,3.7,1
105944377,295,0,1,0,False,30,0.0,3.5,1
105944381,295,0,1,0,False,34,0.0,2.8,1
105944388,291,3,1,0,False,59,0.0,3.9,1
105944445,20,3,3,0,False,41,0.0,2.7,1
105944650,354,0,1,0,False,32,0.0,2.2,1
105954921,366,0,1,1,False,29,0.0,2.8,1
105956328,78,3,1,0,False,54,0.0,3.6,1
105957709,34,0,1,0,True,32,0.0,2.4,1
105958263,264,0,1,1,False,20,0.0,3.1,1
105962497,362,0,1,1,False,20,0.0,2.2,1
105963366,260,1,1,1,False,26,0.0,3.3,1
105963848,291,0,1,0,False,32,0.0,3.5,1
105964688,303,1,2,0,False,44,0.0,3.8,1
105969527,197,0,1,0,False,37,0.0,3.0,1
105972025,193,0,1,0,False,42,0.0,2.6,1
105988227,305,0,1,0,False,30,0.0,3.4,1
105988232,305,0,1,0,False,42,0.0,3.0,1
105988238,305,3,1,0,False,57,0.0,3.8,1
105989372,292,3,1,0,False,62,0.0,3.9,1
105994719,193,0,1,0,False,39,0.0,2.9,1
105994971,34,3,1,0,True,42,0.0,2.3,1
105997439,202,0,3,0,False,47,0.0,3.2,1
106001020,342,3,1,0,False,52,0.0,3.7,1
106002342,295,0,1,0,False,47,0.0,3.6,1
106002969,78,0,1,0,False,34,0.0,2.8,1
106007327,242,3,1,0,False,49,0.0,2.0,1
106010509,154,3,1,0,False,47,0.0,3.1,1
106011580,117,0,1,0,False,44,0.0,2.2,1
106011585,39,0,1,0,False,34,0.0,2.4,1
106011590,36,0,2,0,False,42,0.0,2.7,1
106018126,316,3,1,0,False,54,0.0,3.1,1
106032123,222,3,1,0,False,44,0.0,3.7,1
106032904,317,0,1,0,False,26,0.0,2.0,1
106033329,333,0,1,0,False,32,0.0,2.4,1
106035142,105,3,1,1,False,41,0.0,2.6,1
106059648,222,0,1,0,False,42,0.0,3.8,1
106069528,333,3,1,0,False,55,0.0,3.6,1
106070704,292,3,1,0,False,53,0.0,3.0,1
106070861,316,3,1,0,False,62,0.0,4.0,1
106072248,262,0,1,1,False,37,0.0,3.0,6
106081850,38,1,1,0,False,42,0.0,2.5,1
106081874,85,0,2,0,False,34,0.0,3.4,1
106081917,300,0,1,0,False,42,0.0,3.7,1
106081922,208,0,1,0,False,37,0.0,3.7,1
106081931,300,0,1,0,False,39,0.0,3.6,1
106087318,23,0,2,0,False,32,0.0,2.9,1
106099070,209,0,1,0,False,32,0.0,2.1,1
106121243,334,0,1,0,False,49,0.0,3.8,1
106121898,303,0,1,0,False,42,0.0,3.6,1
106125070,206,1,1,0,False,34,0.0,3.7,1
106126227,22,2,2,1,False,54,0.0,3.6,1
106127916,299,0,1,0,False,44,0.0,3.2,1
106127925,299,0,1,0,False,42,0.0,3.5,1
106132213,204,3,1,0,False,52,0.0,3.9,1
106135291,233,0,1,0,False,32,0.0,1.5,1
106143915,308,0,1,1,False,23,0.0,2.0,1
106153682,208,3,1,0,False,52,0.0,3.3,1
106159394,74,0,1,0,False,37,0.0,2.7,1
106160862,50,0,1,0,False,32,0.0,2.7,1
106161870,57,1,1,0,False,42,0.0,3.0,1
106164016,232,0,2,0,False,32,0.0,2.1,1
106170444,193,3,1,0,False,39,0.0,2.4,1
106170472,132,0,1,0,False,32,0.0,2.2,1
106181792,346,3,1,0,False,44,0.0,2.4,1
106188277,263,0,1,1,False,20,0.0,2.8,2
106193137,177,0,2,0,False,33,0.0,2.3,1
106193308,44,0,2,0,False,25,0.0,2.4,1
106198096,194,0,1,0,False,29,0.0,2.2,1
106207369,194,1,1,0,False,42,0.0,2.1,1
106207686,148,3,1,0,False,54,0.0,3.8,1
106207924,305,0,1,0,False,45,0.0,3.5,1
106210086,9,2,7,0,False,45,0.0,3.4,1
106210757,86,0,1,0,False,29,0.0,1.7,1
106232722,286,0,1,0,False,44,0.0,3.4,1
106232758,286,0,1,0,False,37,0.0,2.1,1
106232767,286,0,1,0,False,34,0.0,2.1,1
106234501,86,0,3,0,False,34,0.0,2.6,1
106236039,361,0,2,1,False,29,0.0,2.7,1
106240353,365,3,2,0,False,49,0.0,3.9,1
106248473,44,0,1,0,False,32,0.0,2.4,1
106255900,216,0,1,0,False,32,0.0,2.5,1
106260087,197,3,1,0,False,47,0.0,3.0,1
106260100,300,1,1,0,False,44,0.0,2.7,1
106263982,154,1,1,0,False,32,0.0,3.1,1
106276350,171,0,1,0,False,29,0.0,2.0,1
106289170,292,0,1,0,False,37,0.0,2.4,1
106293592,53,0,2,1,False,31,0.0,2.7,1
106296529,221,3,1,0,False,49,0.0,2.4,1
106300140,157,3,1,0,False,52,0.0,3.9,1
106302512,156,1,1,0,False,34,0.0,2.7,1
106309924,299,2,4,0,False,52,0.0,3.4,1
106309932,299,0,1,0,False,44,0.0,2.8,1
106310756,162,0,1,0,False,41,0.0,2.5,1
106310770,162,1,1,0,False,45,0.0,2.7,1
106311413,29,3,2,0,False,47,0.0,2.8,1
106315445,29,0,1,0,False,44,0.0,2.6,1
106316700,171,0,1,0,False,25,0.0,2.2,1
106329028,101,0,1,0,False,39,0.0,2.4,1
106337175,51,2,2,0,False,49,0.0,2.8,1
106344281,232,0,1,0,False,29,0.0,1.9,1
106376127,60,2,4,0,False,52,0.0,3.3,1
106378499,340,3,1,0,False,39,0.0,2.3,1
106382806,314,2,2,0,False,47,0.0,3.7,1
106394696,3,2,5,0,False,52,0.0,3.0,1
106404789,371,2,2,0,False,42,0.0,3.4,1
106415046,281,0,1,0,False,39,0.0,1.9,1
106423153,130,2,2,0,False,42,0.0,2.1,1
106423168,7,0,2,0,False,47,0.0,2.5,1
106432223,68,2,6,0,False,54,0.0,2.4,1
106461172,291,3,1,0,False,49,0.0,3.5,1
106480421,87,0,2,0,False,26,0.0,2.7,1
106480921,54,2,3,1,False,42,0.0,2.8,1
106495528,258,0,2,1,False,26,0.0,3.1,5
106508340,211,1,1,0,False,34,0.0,2.1,1
106511539,195,1,1,0,False,37,0.0,2.4,1
106511980,92,0,1,0,False,26,0.0,2.1,1
106515299,185,2,3,0,False,52,0.0,2.7,1
106517680,85,2,3,0,False,52,0.0,3.4,1
106517711,319,0,1,1,False,23,0.0,2.4,1
106522090,195,1,1,0,False,39,0.0,2.7,1
106524966,241,0,1,0,False,42,0.0,3.4,1
106527496,364,0,1,0,False,44,0.0,3.7,1
106537631,286,1,1,0,False,49,0.0,3.9,1
106538438,241,2,2,0,False,37,0.0,2.4,1
106538772,85,0,1,0,False,26,0.0,1.7,1
106543029,116,0,1,0,False,32,0.0,2.2,1
106544067,117,0,1,0,False,34,0.0,2.8,1
106555187,43,1,1,0,False,40,0.0,1.9,1
106577204,203,2,2,0,False,44,0.0,3.6,1
106579832,299,0,1,0,False,47,0.0,3.0,1
106586504,298,0,1,0,False,42,0.0,3.6,1
106603108,297,1,1,0,False,41,0.0,2.9,1
106605255,115,0,1,0,False,42,0.0,2.6,1
106609255,339,0,1,1,False,29,0.0,2.1,1
106613059,226,2,3,0,False,55,0.0,3.0,1
106617956,211,1,1,0,False,42,0.0,3.6,1
106634104,272,3,1,0,False,49,0.0,3.6,1
106661839,273,2,2,0,False,42,0.0,1.6,1
106669533,61,3,1,0,False,59,0.0,3.6,1
106673268,330,0,1,0,False,27,0.0,3.2,3
106678821,330,0,1,0,False,37,0.0,3.3,1
106702950,206,2,2,0,False,47,0.0,3.0,1
106765885,221,0,1,0,False,37,0.0,2.4,1
106775569,212,1,1,0,False,47,0.0,3.1,1
106782760,332,3,1,0,False,35,0.0,3.0,4
106784951,331,0,1,0,False,52,0.0,3.7,1
106811063,292,0,1,0,False,32,0.0,2.4,1
106818981,76,0,1,0,False,52,0.0,3.8,1
106820788,75,0,1,0,False,47,0.0,3.2,1
106822355,361,0,1,1,False,26,0.0,2.1,1
106831583,358,3,1,0,False,39,0.0,2.5,1
106852135,294,3,1,0,False,54,0.0,3.9,1
106852720,108,0,2,0,False,32,0.0,2.0,1
106853498,294,3,1,0,False,54,0.0,3.0,1
106859110,41,0,1,0,False,42,0.0,3.1,1
106859120,41,0,1,1,False,26,0.0,2.8,2
106864599,263,0,1,1,False,29,0.0,3.1,2
106873883,294,2,2,0,False,52,0.0,3.3,1
106878183,114,0,1,0,False,47,0.0,2.8,1
106878189,200,0,1,0,False,42,0.0,2.5,1
106882008,249,1,1,0,False,52,0.0,3.2,1
106882881,111,3,1,0,False,52,0.0,3.8,1
106885267,247,3,1,0,False,52,0.0,3.5,1
106885276,247,3,1,0,False,54,0.0,3.2,1
106895798,302,3,2,0,False,57,0.0,3.7,1
106904122,319,0,1,1,False,26,0.0,2.8,1
106919039,222,0,1,0,False,37,0.0,2.8,1
106919060,222,0,1,0,False,39,0.0,2.9,1
106930714,297,0,1,0,False,44,0.0,2.9,1
106937674,297,0,1,0,False,29,0.0,2.5,1
106937809,91,2,2,1,False,42,0.0,3.1,1
106940394,91,0,1,0,False,29,0.0,1.8,1
106940412,91,0,1,0,False,32,0.0,2.0,1
106946197,155,0,1,0,False,30,0.0,2.5,1
106949735,155,1,1,0,False,42,0.0,3.6,1
106950462,106,0,1,1,False,29,0.0,2.7,1
106956490,218,3,2,0,False,47,0.0,3.4,1
106956500,218,0,1,0,False,39,0.0,3.5,1
106980972,302,2,2,0,False,49,0.0,3.7,1
106985519,64,3,6,0,False,59,0.0,3.3,1
106990678,169,1,1,0,False,26,0.0,2.4,1
107015770,154,0,1,0,False,34,0.0,2.6,1
107018131,171,0,1,0,False,32,0.0,2.4,1
107040067,329,3,1,0,False,57,0.0,3.1,1
107050005,165,3,1,0,False,32,0.0,1.9,1
107063887,309,3,2,1,False,40,0.0,3.2,1
107072848,104,1,1,0,False,43,0.0,3.0,1
107077976,27,0,2,1,False,31,0.0,2.1,1
107083717,47,0,1,1,False,23,0.0,2.3,1
107098593,58,3,2,0,False,54,0.0,2.3,1
107106829,103,0,1,0,False,32,1.0,1.1,1
107118780,123,3,1,1,False,53,0.0,3.1,1
107129268,269,0,2,0,False,35,0.0,2.3,1
107132491,212,3,1,0,False,54,0.0,3.5,1
107142442,368,0,1,0,False,29,0.0,2.3,1
107142449,368,0,1,0,False,34,0.0,3.0,1
107142457,368,0,1,0,False,29,0.0,2.0,1
107142462,368,0,1,0,False,34,0.0,3.0,1
107187071,370,0,1,0,False,32,0.0,3.5,1
107191094,248,2,1,0,False,44,0.0,2.1,1
107196033,258,3,1,1,False,28,0.0,2.3,3
107207724,242,0,1,0,False,44,0.0,2.5,1
107220802,155,2,2,0,False,52,0.0,3.8,1
107227230,77,1,1,0,False,36,0.0,2.4,1
107230326,194,0,1,0,False,29,0.0,2.3,1
107233036,193,0,1,0,False,29,0.0,1.7,1
107235387,44,3,1,0,False,35,0.0,1.2,1
107235954,96,0,1,0,False,42,0.0,2.7,1
107235965,48,0,2,0,False,29,0.0,3.0,1
107246839,261,0,1,1,False,26,0.0,2.5,1
107246850,261,0,1,1,False,32,0.0,2.7,2
107281739,30,0,1,0,False,31,0.0,3.0,1
107283574,324,0,1,0,False,42,0.0,3.1,1
107301050,212,0,1,0,False,39,0.0,3.5,1
107308040,74,0,1,0,False,32,0.0,2.0,1
107312510,348,0,1,0,False,43,0.0,3.6,1
107329629,300,2,3,0,False,52,0.0,3.7,1
107345189,135,0,1,1,False,23,0.0,1.9,1
107365496,246,0,1,0,False,37,0.0,2.3,1
107379148,207,0,1,0,False,44,0.0,3.3,1
107379163,207,0,1,0,False,32,0.0,2.7,1
107380855,59,3,1,0,False,44,0.0,2.4,1
107381798,273,2,2,0,False,56,0.0,3.4,1
107392396,68,0,1,0,False,40,0.0,1.8,1
107403063,221,2,2,0,False,39,0.0,2.7,1
107428294,226,3,1,0,False,59,0.0,4.0,1
107586304,372,1,1,0,False,44,0.0,2.0,1
107631387,247,0,1,0,False,39,0.0,1.7,1
107677803,158,2,2,0,False,52,0.0,2.2,1
107681959,165,0,1,1,False,25,0.0,1.8,1
107711074,272,0,1,0,False,41,0.0,2.4,1
107714230,120,0,1,0,False,53,0.0,3.8,1
107714267,120,0,1,0,False,52,0.0,2.9,1
107716738,244,3,1,0,False,47,0.0,2.3,1
107728081,193,1,1,0,False,46,0.0,3.1,1
107743283,89,0,1,0,False,28,0.0,3.1,1
107755218,285,0,1,0,False,34,0.0,3.0,1
107755253,285,0,1,0,False,26,0.0,2.7,1
107755261,285,0,1,0,False,37,0.0,2.9,1
107758295,364,0,1,0,False,32,0.0,2.2,1
107758342,367,0,1,0,False,34,0.0,2.5,1
107774491,288,3,2,0,False,62,0.0,3.9,1
107784443,44,0,3,0,False,23,0.0,2.4,1
107785133,12,0,1,0,False,34,0.0,2.6,1
107852485,26,0,1,0,False,26,0.0,2.9,1
107856016,70,0,1,0,False,43,0.0,2.2,1
107856027,70,0,2,0,False,32,0.0,2.1,1
107860363,196,1,1,0,False,43,0.0,2.0,1
107934642,208,3,1,0,False,42,0.0,2.3,1
108043545,304,2,2,0,False,52,0.0,3.9,1
108151365,42,0,1,0,False,42,0.0,3.7,1
108152226,52,0,1,0,False,32,0.0,2.7,1
108159532,282,3,1,1,False,54,0.0,3.8,1
108172884,294,0,1,0,False,26,0.0,3.2,1
108182590,42,0,3,0,False,40,0.0,2.9,1
108193179,44,0,1,0,False,29,0.0,2.1,1
108226542,369,0,1,0,False,34,0.0,3.3,1
108226547,369,0,2,0,False,32,0.0,3.1,1
108233303,122,0,1,0,False,32,0.0,2.4,1
108252810,70,0,1,0,False,37,0.0,1.8,1
108259493,367,0,2,0,False,47,0.0,3.5,1
108263642,84,0,2,0,False,37,0.0,2.7,1
108275813,259,0,1,1,False,31,0.0,3.3,3
108290668,169,0,1,0,False,37,0.0,2.4,1
108301230,156,0,1,0,False,34,0.0,3.5,1
108319428,38,1,1,0,False,42,0.0,1.7,1
108338622,319,0,1,1,False,31,0.0,3.1,1
108384463,343,0,1,0,False,29,0.0,1.7,1
108389072,208,0,1,0,False,26,0.0,2.8,1
108430436,244,0,1,0,False,31,0.0,1.6,1
108695777,380,0,1,0,False,38,0.0,2.6,1
108766319,207,0,1,0,False,32,0.0,3.5,1
108867060,298,3,4,0,False,53,0.0,3.6,1
108891366,329,2,3,0,False,52,0.0,3.1,1
109006293,334,0,1,0,False,26,0.0,3.2,1
109140587,38,0,1,0,False,42,0.0,2.8,1
109209914,52,0,1,0,False,41,0.0,3.3,1
109209931,240,0,1,0,False,39,0.0,2.7,1
109210084,150,1,1,0,False,44,0.0,3.6,1
109238350,369,0,1,0,False,26,0.0,2.7,1
109294203,368,0,1,0,False,42,0.0,3.0,1
109318244,83,1,1,0,False,45,0.0,2.5,1
109330568,42,0,1,0,False,29,0.0,2.3,1
109356518,369,0,1,0,False,44,0.0,3.6,1
109360389,42,0,1,0,False,35,0.0,2.4,1
109456096,173,0,1,0,False,32,0.0,1.6,1
109476926,341,0,1,1,False,29,0.0,2.1,1
109532096,327,2,2,0,False,49,0.0,3.5,1
109585393,14,2,2,0,False,45,0.0,3.0,1
109585903,285,3,2,0,False,54,0.0,3.3,1
109590615,202,2,2,0,False,44,0.0,2.1,1
109638837,327,1,1,0,False,42,0.0,3.7,1
109930142,310,2,3,0,False,52,0.0,3.8,1
109949573,217,0,1,0,False,41,0.0,2.5,1
110101413,170,1,1,0,False,26,0.0,2.5,1
110231621,301,1,1,0,False,45,0.0,3.1,1
110250975,142,0,1,0,False,37,0.0,2.4,1
110250991,142,2,1,0,False,40,0.0,1.9,1
110251137,141,2,2,0,False,42,0.0,2.5,1
110356279,205,1,1,0,False,47,0.0,3.9,1
110424888,175,3,1,1,False,43,0.0,2.0,1
110457319,318,0,3,0,False,42,0.0,3.5,1
110489442,110,3,2,0,False,52,0.0,3.0,1
110523573,205,1,1,0,False,39,0.0,2.4,1
110629043,195,0,2,0,False,44,0.0,2.6,5
110643424,324,0,1,0,False,31,0.0,2.7,1
110656465,129,0,1,0,False,38,0.0,2.9,1
110664367,349,3,1,1,False,40,0.0,3.9,7
110803154,247,0,1,0,False,47,0.0,3.1,1
110803176,247,0,1,0,False,32,0.0,3.2,1
110816935,116,3,1,0,False,47,0.0,2.4,1
110859964,244,0,1,0,False,31,0.0,2.2,1
110859980,244,0,1,0,False,31,0.0,2.0,1
110889566,205,0,1,0,False,37,0.0,3.6,1
110969192,205,0,1,0,False,39,0.0,3.5,1
110977359,45,0,1,0,False,32,0.0,3.0,1
111016186,201,2,2,0,False,44,0.0,3.5,1
111020092,285,0,1,0,False,41,0.0,3.0,1
111194234,185,3,1,0,False,52,0.0,3.1,1
111212723,41,3,1,0,False,52,0.0,3.3,1
111228846,301,0,1,0,False,42,0.0,2.9,1
111301554,350,0,1,0,False,32,0.0,2.3,1
111301575,350,0,1,0,False,43,0.0,2.6,1
111311288,301,2,2,0,False,54,0.0,3.8,1
111531368,215,0,1,0,False,29,0.0,2.1,1
111539509,170,1,1,0,False,29,0.0,2.4,1
111542020,234,0,1,0,False,32,0.0,1.5,1
111676526,215,0,1,0,False,32,0.0,1.6,1
111694680,220,1,1,0,False,37,0.0,1.7,1
111761521,324,3,1,0,False,42,0.0,3.0,1
111769220,300,0,1,0,False,34,0.0,2.7,1
111790230,301,3,1,0,False,54,0.0,3.4,1
111893873,275,0,1,0,False,23,0.0,2.4,1
111903271,184,0,1,0,False,29,0.0,2.1,1
111904645,351,0,1,0,False,37,0.0,3.0,1
111904726,351,0,1,0,False,29,0.0,1.8,1
111904742,351,0,1,0,False,47,0.0,2.3,1
111941682,25,0,1,0,False,32,0.0,3.1,1
111961383,248,0,1,0,False,37,0.0,2.8,1
111971153,150,1,1,0,False,42,0.0,2.4,1
112015974,74,1,1,0,False,47,0.0,3.0,1
112053342,86,0,1,0,False,34,0.0,1.9,1
112063799,119,2,2,0,False,49,0.0,3.5,1
112065984,205,0,1,0,False,29,0.0,1.7,1
112067046,97,2,2,0,False,47,0.0,3.4,1
112067981,248,0,1,0,False,44,0.0,2.6,1
112095476,198,2,2,0,False,52,0.0,3.5,1
112101317,187,0,2,0,False,40,0.0,3.3,1
112101352,198,0,1,0,False,40,0.0,2.9,1
112108364,359,3,3,0,False,59,0.0,3.5,1
112160433,77,1,1,0,False,36,0.0,2.3,1
112179017,14,0,2,1,False,26,0.0,1.1,1
112190381,196,1,1,0,False,29,0.0,2.5,1
112190397,196,3,1,0,False,47,0.0,2.2,1
112270844,44,0,1,0,False,38,0.0,2.1,1
112289818,302,3,1,0,False,52,0.0,3.6,1
112295556,125,1,1,0,False,37,0.0,2.2,1
112347621,350,0,1,0,False,32,0.0,2.0,1
112417079,49,0,3,0,False,23,0.0,2.3,1
112484032,350,0,1,0,False,42,0.0,2.8,1
112835972,21,0,1,0,False,29,0.0,2.0,1
112836276,161,0,1,0,False,32,0.0,2.1,1
112836417,21,3,1,0,False,26,0.0,1.6,1
112836447,161,0,1,0,False,28,1.0,2.2,1
112844518,227,0,1,0,False,42,0.0,3.1,1
112844621,227,2,2,0,False,49,0.0,3.1,1
112846211,62,0,1,0,False,37,0.0,2.0,1
112852508,334,0,1,0,False,26,0.0,2.3,1
112917904,196,1,1,0,False,40,0.0,1.4,1
113038879,26,0,1,0,False,29,0.0,2.3,1
113039050,26,0,1,0,False,32,0.0,2.5,1
113170173,284,3,2,0,False,62,0.0,3.6,1
113178586,158,0,1,0,False,28,0.0,2.0,1
113250922,37,0,1,0,False,26,0.0,3.0,1
113431769,227,2,2,0,False,54,0.0,3.8,1
113474285,161,0,1,0,False,38,0.0,1.6,1
113546691,250,2,2,0,False,38,0.0,1.9,1
113664798,286,0,1,0,False,44,0.0,3.5,1
113699177,92,0,2,0,False,29,0.0,2.4,1
113731295,314,3,1,0,False,45,0.0,3.3,1
114012282,223,1,1,0,False,49,0.0,3.1,1
114012313,224,3,1,0,False,52,0.0,3.1,1
114012397,127,0,1,0,False,39,0.0,2.3,1
114012413,127,0,3,0,False,37,0.0,2.5,1
114012513,126,0,2,0,False,32,0.0,2.7,1
114028771,127,0,1,0,False,42,0.0,2.9,1
114064300,229,3,1,0,False,53,0.0,2.1,1
114068868,341,3,1,1,False,29,0.0,2.1,2
114140839,243,3,1,0,False,52,0.0,3.3,1
114140845,243,1,1,0,False,49,0.0,2.2,1
114149484,126,2,4,0,False,52,0.0,3.4,1
114158727,225,3,2,0,False,54,0.0,2.8,1
114158750,224,3,1,0,False,54,0.0,3.2,1
114194877,230,0,1,0,False,37,0.0,2.3,1
114195083,138,0,2,0,False,37,0.0,2.5,1
114270018,225,3,1,0,False,55,0.0,2.7,1
114307522,343,0,1,0,False,32,0.0,2.2,1
114430626,246,0,1,0,False,42,0.0,2.3,1
114435866,246,1,1,0,False,44,0.0,2.4,1
114441945,279,2,2,0,False,52,0.0,3.8,1
114534087,276,2,15,0,False,64,0.0,3.7,1
114581191,283,2,2,0,True,54,0.0,3.0,1
114595292,88,0,1,0,False,42,0.0,2.7,1
114784177,194,0,1,0,False,23,0.0,2.0,1
114804208,145,3,1,0,False,52,0.0,3.8,1
114804995,287,2,2,0,False,57,0.0,3.9,1
114805042,287,0,1,0,False,37,0.0,2.5,1
114805061,287,1,1,0,False,47,0.0,3.1,1
114935630,261,0,1,1,False,34,0.0,2.6,1
115136357,94,0,1,0,False,32,0.0,1.8,1
115380088,182,2,1,0,False,39,0.0,1.9,1
115959536,164,0,1,0,False,32,0.0,2.8,1
115959627,164,2,2,0,False,44,0.0,2.7,1
115959647,164,0,2,0,False,32,0.0,2.6,1
116122044,372,0,2,0,False,52,0.0,2.4,1
116595088,275,0,1,0,False,42,0.0,2.8,1
116739990,345,0,1,0,False,29,0.0,3.5,1
116740061,345,0,1,0,False,27,0.0,2.5,1
116740123,344,0,1,0,False,29,0.0,2.0,1
116740150,345,0,1,0,False,26,0.0,1.5,1
116740165,345,0,1,0,False,23,0.0,1.3,1
116751464,344,0,1,0,False,34,0.0,3.0,1
117010155,345,3,1,0,False,39,0.0,3.0,1
117291118,114,2,1,0,False,49,0.0,2.3,1
117343662,313,1,1,0,False,47,0.0,3.6,1
117375810,313,0,2,0,False,34,0.0,2.9,1
117406623,187,2,3,0,False,52,0.0,2.7,1
117558093,313,0,1,0,False,34,0.0,3.0,1
117940677,315,0,1,0,False,42,0.0,3.2,1
118590352,224,0,2,0,False,26,0.0,2.1,1
